variable,mean,median,sd,mad,q5,q95,rhat,ess_bulk,ess_tail
lp__,-25.9434523,-25.689750000000004,0.6584136862643998,0.31230969000000164,-27.312325,-25.4614,1.00079016930536,2189.550021609123,2450.6051088827553
theta,0.7935645287499999,0.7926165000000001,0.06505693525070728,0.06662582009999982,0.6869167500000001,0.90191165,1.0022521533868591,1531.7827875847386,2089.1674179441197
