variable,mean,median,sd,mad,q5,q95,rhat,ess_bulk,ess_tail
lp__,-25.95713035,-25.6797,0.6991152191994574,0.30393299999999746,-27.367665000000002,-25.460800000000003,1.0008181139608934,1787.2537409715278,2050.157598648234
theta,0.7949089145,0.7948660000000001,0.06597837114221092,0.06532632120000015,0.6849021,0.90629295,1.001620917197303,1607.0316533293817,1779.2853031705424
