variable,mean,median,sd,mad,q5,q95,rhat,ess_bulk,ess_tail
lp__,-25.936825925,-25.6797,0.6564746466169179,0.30437777999999643,-27.265710000000002,-25.4612,1.0012290187995423,2002.9679882400867,2391.1642258927673
theta,0.79573658,0.7972604999999999,0.06461144725288336,0.06512468760000002,0.68846995,0.8999506499999999,1.00565144451606,1360.6880106132394,2198.202224873976
