K,median,q2.75,q97.5
1,1.197405,0.015377089,2.3872187500000006
2,0.7452585,-0.317648025,1.8844987500000003
3,1.1167250000000002,-0.0014539395250000016,2.2681912500000005
4,0.817105,-0.2641716075,1.9465852500000005
