variable,median,q2.75,q97.5
theta_new,0.9046559999999999,-0.14609524999999998,1.9725705000000002
