variable,median,q2.75,q97.5
theta_new,0.9404969999999999,-0.1695447675,1.9908352500000006
