variable,median,q2.75,q97.5
theta_new,0.9176169999999999,-0.15487645500000005,2.0424012500000006
